carbon_emissions_total,discomfort_proportion,ramping_average,daily_one_minus_load_factor_average,daily_peak_average,annual_peak_average,one_minus_thermal_resilience_proportion,power_outage_normalized_unserved_energy_total,average_score
"{'display_name': 'Carbon emissions', 'weight': 0.1, 'value': 1.318572279903938}","{'display_name': 'Unmet hours', 'weight': 0.3, 'value': 0.8432724125702503}","{'display_name': 'Ramping', 'weight': 0.075, 'value': 2.7246530891110714}","{'display_name': 'Load factor', 'weight': 0.075, 'value': 1.0960096411373204}","{'display_name': 'Daily peak', 'weight': 0.075, 'value': 1.3288749441280352}","{'display_name': 'All-time peak', 'weight': 0.075, 'value': 1.1529700398573692}","{'display_name': 'Thermal resilience', 'weight': 0.15, 'value': 0.8603174603174604}","{'display_name': 'Unserved energy', 'weight': 0.15, 'value': 0.7488182685836199}","{'display_name': 'Score', 'weight': None, 'value': 1.0988973}"
"{'display_name': 'Carbon emissions', 'weight': 0.1, 'value': 1.3564545330969164}","{'display_name': 'Unmet hours', 'weight': 0.3, 'value': 0.8430685605179908}","{'display_name': 'Ramping', 'weight': 0.075, 'value': 2.8924529731876487}","{'display_name': 'Load factor', 'weight': 0.075, 'value': 1.0456531223643815}","{'display_name': 'Daily peak', 'weight': 0.075, 'value': 1.2743667097636553}","{'display_name': 'All-time peak', 'weight': 0.075, 'value': 1.0027205122485692}","{'display_name': 'Thermal resilience', 'weight': 0.15, 'value': 0.7746031746031745}","{'display_name': 'Unserved energy', 'weight': 0.15, 'value': 0.6849057599239381}","{'display_name': 'Score', 'weight': None, 'value': 1.0736318}"
"{'display_name': 'Carbon emissions', 'weight': 0.1, 'value': 1.3496149676854587}","{'display_name': 'Unmet hours', 'weight': 0.3, 'value': 0.8324215181341431}","{'display_name': 'Ramping', 'weight': 0.075, 'value': 2.7350148779342587}","{'display_name': 'Load factor', 'weight': 0.075, 'value': 1.1085986251248785}","{'display_name': 'Daily peak', 'weight': 0.075, 'value': 1.4310235529337878}","{'display_name': 'All-time peak', 'weight': 0.075, 'value': 1.16392384555324}","{'display_name': 'Thermal resilience', 'weight': 0.15, 'value': 0.8396825396825397}","{'display_name': 'Unserved energy', 'weight': 0.15, 'value': 0.7141776765539807}","{'display_name': 'Score', 'weight': None, 'value': 1.1006591}"
"{'display_name': 'Carbon emissions', 'weight': 0.1, 'value': 1.3434128118479993}","{'display_name': 'Unmet hours', 'weight': 0.3, 'value': 0.8290493871521539}","{'display_name': 'Ramping', 'weight': 0.075, 'value': 2.711625015996596}","{'display_name': 'Load factor', 'weight': 0.075, 'value': 1.0845775633402808}","{'display_name': 'Daily peak', 'weight': 0.075, 'value': 1.3615176224814178}","{'display_name': 'All-time peak', 'weight': 0.075, 'value': 1.3730397985370209}","{'display_name': 'Thermal resilience', 'weight': 0.15, 'value': 0.8380952380952381}","{'display_name': 'Unserved energy', 'weight': 0.15, 'value': 0.711380043998583}","{'display_name': 'Score', 'weight': None, 'value': 1.1052845}"
"{'display_name': 'Carbon emissions', 'weight': 0.1, 'value': 1.3653789633457627}","{'display_name': 'Unmet hours', 'weight': 0.3, 'value': 0.8282963323070275}","{'display_name': 'Ramping', 'weight': 0.075, 'value': 2.852296782744582}","{'display_name': 'Load factor', 'weight': 0.075, 'value': 1.0963181312977013}","{'display_name': 'Daily peak', 'weight': 0.075, 'value': 1.4118418868431224}","{'display_name': 'All-time peak', 'weight': 0.075, 'value': 1.550458010650191}","{'display_name': 'Thermal resilience', 'weight': 0.15, 'value': 0.8396825396825397}","{'display_name': 'Unserved energy', 'weight': 0.15, 'value': 0.6307202784036946}","{'display_name': 'Score', 'weight': None, 'value': 1.1239059}"
"{'display_name': 'Carbon emissions', 'weight': 0.1, 'value': 1.3757537164266738}","{'display_name': 'Unmet hours', 'weight': 0.3, 'value': 0.867401403009401}","{'display_name': 'Ramping', 'weight': 0.075, 'value': 2.7419209582351796}","{'display_name': 'Load factor', 'weight': 0.075, 'value': 1.0482105379877908}","{'display_name': 'Daily peak', 'weight': 0.075, 'value': 1.3423187232093092}","{'display_name': 'All-time peak', 'weight': 0.075, 'value': 1.176770238461811}","{'display_name': 'Thermal resilience', 'weight': 0.15, 'value': 0.7968253968253968}","{'display_name': 'Unserved energy', 'weight': 0.15, 'value': 0.728952280791822}","{'display_name': 'Score', 'weight': None, 'value': 1.099854}"
"{'display_name': 'Carbon emissions', 'weight': 0.1, 'value': 1.3823979235414192}","{'display_name': 'Unmet hours', 'weight': 0.3, 'value': 0.8621348335717087}","{'display_name': 'Ramping', 'weight': 0.075, 'value': 2.923743465252151}","{'display_name': 'Load factor', 'weight': 0.075, 'value': 1.091002782930523}","{'display_name': 'Daily peak', 'weight': 0.075, 'value': 1.4408426092618483}","{'display_name': 'All-time peak', 'weight': 0.075, 'value': 1.1869247093538882}","{'display_name': 'Thermal resilience', 'weight': 0.15, 'value': 0.8190476190476191}","{'display_name': 'Unserved energy', 'weight': 0.15, 'value': 0.6770487378284419}","{'display_name': 'Score', 'weight': None, 'value': 1.1194832}"
"{'display_name': 'Carbon emissions', 'weight': 0.1, 'value': 1.406667265327277}","{'display_name': 'Unmet hours', 'weight': 0.3, 'value': 0.8547635151796974}","{'display_name': 'Ramping', 'weight': 0.075, 'value': 2.908205907885396}","{'display_name': 'Load factor', 'weight': 0.075, 'value': 1.0330048175250073}","{'display_name': 'Daily peak', 'weight': 0.075, 'value': 1.342266195050608}","{'display_name': 'All-time peak', 'weight': 0.075, 'value': 1.354335521769779}","{'display_name': 'Thermal resilience', 'weight': 0.15, 'value': 0.8174603174603176}","{'display_name': 'Unserved energy', 'weight': 0.15, 'value': 0.7212108895221734}","{'display_name': 'Score', 'weight': None, 'value': 1.1257324}"
"{'display_name': 'Carbon emissions', 'weight': 0.1, 'value': 1.4478932955569963}","{'display_name': 'Unmet hours', 'weight': 0.3, 'value': 0.8630091897820332}","{'display_name': 'Ramping', 'weight': 0.075, 'value': 2.8741043213600257}","{'display_name': 'Load factor', 'weight': 0.075, 'value': 1.0579933472264773}","{'display_name': 'Daily peak', 'weight': 0.075, 'value': 1.4274016703590158}","{'display_name': 'All-time peak', 'weight': 0.075, 'value': 1.2166438779106117}","{'display_name': 'Thermal resilience', 'weight': 0.15, 'value': 0.7746031746031745}","{'display_name': 'Unserved energy', 'weight': 0.15, 'value': 0.692934203941392}","{'display_name': 'Score', 'weight': None, 'value': 1.1170335}"
"{'display_name': 'Carbon emissions', 'weight': 0.1, 'value': 1.4468366813090576}","{'display_name': 'Unmet hours', 'weight': 0.3, 'value': 0.8744344162386479}","{'display_name': 'Ramping', 'weight': 0.075, 'value': 2.907338961134874}","{'display_name': 'Load factor', 'weight': 0.075, 'value': 1.0485083789284626}","{'display_name': 'Daily peak', 'weight': 0.075, 'value': 1.3741744668964406}","{'display_name': 'All-time peak', 'weight': 0.075, 'value': 1.2696306766347827}","{'display_name': 'Thermal resilience', 'weight': 0.15, 'value': 0.8634920634920634}","{'display_name': 'Unserved energy', 'weight': 0.15, 'value': 0.7024625555069467}","{'display_name': 'Score', 'weight': None, 'value': 1.1368811}"
"{'display_name': 'Carbon emissions', 'weight': 0.1, 'value': 1.3842365903550522}","{'display_name': 'Unmet hours', 'weight': 0.3, 'value': 0.8498442927296682}","{'display_name': 'Ramping', 'weight': 0.075, 'value': 2.9023553219424607}","{'display_name': 'Load factor', 'weight': 0.075, 'value': 1.0883080444512085}","{'display_name': 'Daily peak', 'weight': 0.075, 'value': 1.4735371508345734}","{'display_name': 'All-time peak', 'weight': 0.075, 'value': 1.5135540634267375}","{'display_name': 'Thermal resilience', 'weight': 0.15, 'value': 0.7952380952380952}","{'display_name': 'Unserved energy', 'weight': 0.15, 'value': 0.7671938901027205}","{'display_name': 'Score', 'weight': None, 'value': 1.1510733}"
"{'display_name': 'Carbon emissions', 'weight': 0.1, 'value': 1.3751430758896994}","{'display_name': 'Unmet hours', 'weight': 0.3, 'value': 0.8704987564555107}","{'display_name': 'Ramping', 'weight': 0.075, 'value': 2.764911741651697}","{'display_name': 'Load factor', 'weight': 0.075, 'value': 1.0476728322979125}","{'display_name': 'Daily peak', 'weight': 0.075, 'value': 1.3394094902394318}","{'display_name': 'All-time peak', 'weight': 0.075, 'value': 0.9808003411333448}","{'display_name': 'Thermal resilience', 'weight': 0.15, 'value': 0.7746031746031745}","{'display_name': 'Unserved energy', 'weight': 0.15, 'value': 0.7469434140306935}","{'display_name': 'Score', 'weight': None, 'value': 1.0868554}"
"{'display_name': 'Carbon emissions', 'weight': 0.1, 'value': 1.4399409655769428}","{'display_name': 'Unmet hours', 'weight': 0.3, 'value': 0.868893186691373}","{'display_name': 'Ramping', 'weight': 0.075, 'value': 2.6613690828905554}","{'display_name': 'Load factor', 'weight': 0.075, 'value': 1.0506591599214314}","{'display_name': 'Daily peak', 'weight': 0.075, 'value': 1.4082883565566777}","{'display_name': 'All-time peak', 'weight': 0.075, 'value': 1.5153916426512684}","{'display_name': 'Thermal resilience', 'weight': 0.15, 'value': 0.7698412698412699}","{'display_name': 'Unserved energy', 'weight': 0.15, 'value': 0.6732782036671509}","{'display_name': 'Score', 'weight': None, 'value': 1.118808}"
"{'display_name': 'Carbon emissions', 'weight': 0.1, 'value': 1.4698548790633463}","{'display_name': 'Unmet hours', 'weight': 0.3, 'value': 0.8841514423472109}","{'display_name': 'Ramping', 'weight': 0.075, 'value': 2.869401517806408}","{'display_name': 'Load factor', 'weight': 0.075, 'value': 1.034672140607631}","{'display_name': 'Daily peak', 'weight': 0.075, 'value': 1.434669897258192}","{'display_name': 'All-time peak', 'weight': 0.075, 'value': 1.3716415454009385}","{'display_name': 'Thermal resilience', 'weight': 0.15, 'value': 0.8634920634920635}","{'display_name': 'Unserved energy', 'weight': 0.15, 'value': 0.7402253742424775}","{'display_name': 'Score', 'weight': None, 'value': 1.1560674}"
"{'display_name': 'Carbon emissions', 'weight': 0.1, 'value': 1.4544445677511197}","{'display_name': 'Unmet hours', 'weight': 0.3, 'value': 0.8619072614073776}","{'display_name': 'Ramping', 'weight': 0.075, 'value': 2.8212342790490053}","{'display_name': 'Load factor', 'weight': 0.075, 'value': 1.031700103116227}","{'display_name': 'Daily peak', 'weight': 0.075, 'value': 1.3746128396961304}","{'display_name': 'All-time peak', 'weight': 0.075, 'value': 1.0765301473805091}","{'display_name': 'Thermal resilience', 'weight': 0.15, 'value': 0.8873015873015874}","{'display_name': 'Unserved energy', 'weight': 0.15, 'value': 0.6954553437510618}","{'display_name': 'Score', 'weight': None, 'value': 1.114236}"
"{'display_name': 'Carbon emissions', 'weight': 0.1, 'value': 1.4528620165935917}","{'display_name': 'Unmet hours', 'weight': 0.3, 'value': 0.8543767129561131}","{'display_name': 'Ramping', 'weight': 0.075, 'value': 2.9927460424153938}","{'display_name': 'Load factor', 'weight': 0.075, 'value': 1.0996001656597083}","{'display_name': 'Daily peak', 'weight': 0.075, 'value': 1.5218964355950926}","{'display_name': 'All-time peak', 'weight': 0.075, 'value': 1.301026899535274}","{'display_name': 'Thermal resilience', 'weight': 0.15, 'value': 0.815873015873016}","{'display_name': 'Unserved energy', 'weight': 0.15, 'value': 0.6938050981830474}","{'display_name': 'Score', 'weight': None, 'value': 1.1466961}"
"{'display_name': 'Carbon emissions', 'weight': 0.1, 'value': 1.5027128426557772}","{'display_name': 'Unmet hours', 'weight': 0.3, 'value': 0.867571788566906}","{'display_name': 'Ramping', 'weight': 0.075, 'value': 2.67793803786474}","{'display_name': 'Load factor', 'weight': 0.075, 'value': 1.019881553122049}","{'display_name': 'Daily peak', 'weight': 0.075, 'value': 1.4419512569033297}","{'display_name': 'All-time peak', 'weight': 0.075, 'value': 1.29606850316428}","{'display_name': 'Thermal resilience', 'weight': 0.15, 'value': 0.8190476190476191}","{'display_name': 'Unserved energy', 'weight': 0.15, 'value': 0.7345826454188935}","{'display_name': 'Score', 'weight': None, 'value': 1.1262753}"
"{'display_name': 'Carbon emissions', 'weight': 0.1, 'value': 1.4676685576950514}","{'display_name': 'Unmet hours', 'weight': 0.3, 'value': 0.863122975864199}","{'display_name': 'Ramping', 'weight': 0.075, 'value': 2.788450286803407}","{'display_name': 'Load factor', 'weight': 0.075, 'value': 1.0505256135699679}","{'display_name': 'Daily peak', 'weight': 0.075, 'value': 1.4474288043706796}","{'display_name': 'All-time peak', 'weight': 0.075, 'value': 1.3477173864679624}","{'display_name': 'Thermal resilience', 'weight': 0.15, 'value': 0.834920634920635}","{'display_name': 'Unserved energy', 'weight': 0.15, 'value': 0.747495619387228}","{'display_name': 'Score', 'weight': None, 'value': 1.1406252}"
"{'display_name': 'Carbon emissions', 'weight': 0.1, 'value': 1.5091181436725296}","{'display_name': 'Unmet hours', 'weight': 0.3, 'value': 0.8726725520726916}","{'display_name': 'Ramping', 'weight': 0.075, 'value': 2.7016365226876444}","{'display_name': 'Load factor', 'weight': 0.075, 'value': 1.0073786794264006}","{'display_name': 'Daily peak', 'weight': 0.075, 'value': 1.404916773946863}","{'display_name': 'All-time peak', 'weight': 0.075, 'value': 1.115695523550939}","{'display_name': 'Thermal resilience', 'weight': 0.15, 'value': 0.8174603174603176}","{'display_name': 'Unserved energy', 'weight': 0.15, 'value': 0.7619524700650341}","{'display_name': 'Score', 'weight': None, 'value': 1.1168475}"
"{'display_name': 'Carbon emissions', 'weight': 0.1, 'value': 1.5357564114242332}","{'display_name': 'Unmet hours', 'weight': 0.3, 'value': 0.8717742408977006}","{'display_name': 'Ramping', 'weight': 0.075, 'value': 2.9918995125836156}","{'display_name': 'Load factor', 'weight': 0.075, 'value': 1.0459953668818962}","{'display_name': 'Daily peak', 'weight': 0.075, 'value': 1.5069215501040567}","{'display_name': 'All-time peak', 'weight': 0.075, 'value': 1.2968931360798683}","{'display_name': 'Thermal resilience', 'weight': 0.15, 'value': 0.8873015873015874}","{'display_name': 'Unserved energy', 'weight': 0.15, 'value': 0.7415964926054963}","{'display_name': 'Score', 'weight': None, 'value': 1.1725708}"
"{'display_name': 'Carbon emissions', 'weight': 0.1, 'value': 1.4856942274268083}","{'display_name': 'Unmet hours', 'weight': 0.3, 'value': 0.8565064737117748}","{'display_name': 'Ramping', 'weight': 0.075, 'value': 2.8580998857844575}","{'display_name': 'Load factor', 'weight': 0.075, 'value': 1.0242044662453063}","{'display_name': 'Daily peak', 'weight': 0.075, 'value': 1.429052990719315}","{'display_name': 'All-time peak', 'weight': 0.075, 'value': 1.3206340922407358}","{'display_name': 'Thermal resilience', 'weight': 0.15, 'value': 0.8428571428571429}","{'display_name': 'Unserved energy', 'weight': 0.15, 'value': 0.6426338421820339}","{'display_name': 'Score', 'weight': None, 'value': 1.1257443}"
"{'display_name': 'Carbon emissions', 'weight': 0.1, 'value': 1.5349509450260086}","{'display_name': 'Unmet hours', 'weight': 0.3, 'value': 0.8834204636459927}","{'display_name': 'Ramping', 'weight': 0.075, 'value': 2.801704855375348}","{'display_name': 'Load factor', 'weight': 0.075, 'value': 1.04395065547457}","{'display_name': 'Daily peak', 'weight': 0.075, 'value': 1.5091911596637533}","{'display_name': 'All-time peak', 'weight': 0.075, 'value': 1.3700376329546373}","{'display_name': 'Thermal resilience', 'weight': 0.15, 'value': 0.8412698412698413}","{'display_name': 'Unserved energy', 'weight': 0.15, 'value': 0.7624585953025537}","{'display_name': 'Score', 'weight': None, 'value': 1.1634469}"
"{'display_name': 'Carbon emissions', 'weight': 0.1, 'value': 1.5549987956556353}","{'display_name': 'Unmet hours', 'weight': 0.3, 'value': 0.887398984027675}","{'display_name': 'Ramping', 'weight': 0.075, 'value': 2.9221195332844907}","{'display_name': 'Load factor', 'weight': 0.075, 'value': 1.040976552011875}","{'display_name': 'Daily peak', 'weight': 0.075, 'value': 1.536451519199218}","{'display_name': 'All-time peak', 'weight': 0.075, 'value': 1.3243291689138}","{'display_name': 'Thermal resilience', 'weight': 0.15, 'value': 0.9063492063492063}","{'display_name': 'Unserved energy', 'weight': 0.15, 'value': 0.6299603309807745}","{'display_name': 'Score', 'weight': None, 'value': 1.1639568}"
"{'display_name': 'Carbon emissions', 'weight': 0.1, 'value': 1.5611338862023716}","{'display_name': 'Unmet hours', 'weight': 0.3, 'value': 0.8875410698475102}","{'display_name': 'Ramping', 'weight': 0.075, 'value': 3.0882171879820715}","{'display_name': 'Load factor', 'weight': 0.075, 'value': 1.0257768545168304}","{'display_name': 'Daily peak', 'weight': 0.075, 'value': 1.5185270846226921}","{'display_name': 'All-time peak', 'weight': 0.075, 'value': 1.41673627867512}","{'display_name': 'Thermal resilience', 'weight': 0.15, 'value': 0.8428571428571429}","{'display_name': 'Unserved energy', 'weight': 0.15, 'value': 0.7053976580778812}","{'display_name': 'Score', 'weight': None, 'value': 1.1833082}"
"{'display_name': 'Carbon emissions', 'weight': 0.1, 'value': 1.5629596457587063}","{'display_name': 'Unmet hours', 'weight': 0.3, 'value': 0.8622546083950408}","{'display_name': 'Ramping', 'weight': 0.075, 'value': 2.7721813316626545}","{'display_name': 'Load factor', 'weight': 0.075, 'value': 1.019148191167084}","{'display_name': 'Daily peak', 'weight': 0.075, 'value': 1.4987826728294709}","{'display_name': 'All-time peak', 'weight': 0.075, 'value': 1.502435368276652}","{'display_name': 'Thermal resilience', 'weight': 0.15, 'value': 0.7730158730158729}","{'display_name': 'Unserved energy', 'weight': 0.15, 'value': 0.7366381548387251}","{'display_name': 'Score', 'weight': None, 'value': 1.1508615}"
"{'display_name': 'Carbon emissions', 'weight': 0.1, 'value': 1.5156325758356228}","{'display_name': 'Unmet hours', 'weight': 0.3, 'value': 0.875727397199148}","{'display_name': 'Ramping', 'weight': 0.075, 'value': 2.9685457728504825}","{'display_name': 'Load factor', 'weight': 0.075, 'value': 1.062099902990655}","{'display_name': 'Daily peak', 'weight': 0.075, 'value': 1.5285470431840527}","{'display_name': 'All-time peak', 'weight': 0.075, 'value': 1.215275205621027}","{'display_name': 'Thermal resilience', 'weight': 0.15, 'value': 0.815873015873016}","{'display_name': 'Unserved energy', 'weight': 0.15, 'value': 0.7018110191841765}","{'display_name': 'Score', 'weight': None, 'value': 1.1500192}"
"{'display_name': 'Carbon emissions', 'weight': 0.1, 'value': 1.4582503163761504}","{'display_name': 'Unmet hours', 'weight': 0.3, 'value': 0.8750359911601483}","{'display_name': 'Ramping', 'weight': 0.075, 'value': 2.919232952477574}","{'display_name': 'Load factor', 'weight': 0.075, 'value': 1.0506282334020582}","{'display_name': 'Daily peak', 'weight': 0.075, 'value': 1.4444973394678675}","{'display_name': 'All-time peak', 'weight': 0.075, 'value': 1.4641863378507372}","{'display_name': 'Thermal resilience', 'weight': 0.15, 'value': 0.8412698412698413}","{'display_name': 'Unserved energy', 'weight': 0.15, 'value': 0.7803556045438462}","{'display_name': 'Score', 'weight': None, 'value': 1.1674705}"
"{'display_name': 'Carbon emissions', 'weight': 0.1, 'value': 1.559400280064975}","{'display_name': 'Unmet hours', 'weight': 0.3, 'value': 0.8768342574782938}","{'display_name': 'Ramping', 'weight': 0.075, 'value': 2.9602562980194183}","{'display_name': 'Load factor', 'weight': 0.075, 'value': 1.009094398898429}","{'display_name': 'Daily peak', 'weight': 0.075, 'value': 1.4452058615101255}","{'display_name': 'All-time peak', 'weight': 0.075, 'value': 1.2012573716964188}","{'display_name': 'Thermal resilience', 'weight': 0.15, 'value': 0.7968253968253968}","{'display_name': 'Unserved energy', 'weight': 0.15, 'value': 0.7247341484839475}","{'display_name': 'Score', 'weight': None, 'value': 1.1434103}"
"{'display_name': 'Carbon emissions', 'weight': 0.1, 'value': 1.5441919426240451}","{'display_name': 'Unmet hours', 'weight': 0.3, 'value': 0.895756800744013}","{'display_name': 'Ramping', 'weight': 0.075, 'value': 2.673570180911366}","{'display_name': 'Load factor', 'weight': 0.075, 'value': 1.0223723009658172}","{'display_name': 'Daily peak', 'weight': 0.075, 'value': 1.4703053808749909}","{'display_name': 'All-time peak', 'weight': 0.075, 'value': 1.2661673665611244}","{'display_name': 'Thermal resilience', 'weight': 0.15, 'value': 0.8634920634920634}","{'display_name': 'Unserved energy', 'weight': 0.15, 'value': 0.7477881065889208}","{'display_name': 'Score', 'weight': None, 'value': 1.1472695}"
"{'display_name': 'Carbon emissions', 'weight': 0.1, 'value': 1.570955363357825}","{'display_name': 'Unmet hours', 'weight': 0.3, 'value': 0.8894149587011713}","{'display_name': 'Ramping', 'weight': 0.075, 'value': 2.784479253767454}","{'display_name': 'Load factor', 'weight': 0.075, 'value': 0.9822828152181157}","{'display_name': 'Daily peak', 'weight': 0.075, 'value': 1.3967339994305816}","{'display_name': 'All-time peak', 'weight': 0.075, 'value': 1.052526691822172}","{'display_name': 'Thermal resilience', 'weight': 0.15, 'value': 0.9095238095238095}","{'display_name': 'Unserved energy', 'weight': 0.15, 'value': 0.6703102418157924}","{'display_name': 'Score', 'weight': None, 'value': 1.1270969}"
"{'display_name': 'Carbon emissions', 'weight': 0.1, 'value': 1.589270153862979}","{'display_name': 'Unmet hours', 'weight': 0.3, 'value': 0.8715028687244452}","{'display_name': 'Ramping', 'weight': 0.075, 'value': 2.7954682705048164}","{'display_name': 'Load factor', 'weight': 0.075, 'value': 1.0183118974530005}","{'display_name': 'Daily peak', 'weight': 0.075, 'value': 1.4948415684198388}","{'display_name': 'All-time peak', 'weight': 0.075, 'value': 1.4545203323583187}","{'display_name': 'Thermal resilience', 'weight': 0.15, 'value': 0.8190476190476191}","{'display_name': 'Unserved energy', 'weight': 0.15, 'value': 0.6736405468564418}","{'display_name': 'Score', 'weight': None, 'value': 1.1515167}"
"{'display_name': 'Carbon emissions', 'weight': 0.1, 'value': 1.5254205166530748}","{'display_name': 'Unmet hours', 'weight': 0.3, 'value': 0.8701089011481944}","{'display_name': 'Ramping', 'weight': 0.075, 'value': 2.75535470124122}","{'display_name': 'Load factor', 'weight': 0.075, 'value': 1.0058570762836767}","{'display_name': 'Daily peak', 'weight': 0.075, 'value': 1.424940590339258}","{'display_name': 'All-time peak', 'weight': 0.075, 'value': 1.0785219816768026}","{'display_name': 'Thermal resilience', 'weight': 0.15, 'value': 0.7952380952380952}","{'display_name': 'Unserved energy', 'weight': 0.15, 'value': 0.7639887591392888}","{'display_name': 'Score', 'weight': None, 'value': 1.1173093}"
"{'display_name': 'Carbon emissions', 'weight': 0.1, 'value': 1.5313271076191188}","{'display_name': 'Unmet hours', 'weight': 0.3, 'value': 0.8803153600642557}","{'display_name': 'Ramping', 'weight': 0.075, 'value': 2.734321112151071}","{'display_name': 'Load factor', 'weight': 0.075, 'value': 1.0268284051839751}","{'display_name': 'Daily peak', 'weight': 0.075, 'value': 1.4661637573498265}","{'display_name': 'All-time peak', 'weight': 0.075, 'value': 1.4289521075523928}","{'display_name': 'Thermal resilience', 'weight': 0.15, 'value': 0.7730158730158729}","{'display_name': 'Unserved energy', 'weight': 0.15, 'value': 0.7282807855505572}","{'display_name': 'Score', 'weight': None, 'value': 1.1416417}"
"{'display_name': 'Carbon emissions', 'weight': 0.1, 'value': 1.619561772979803}","{'display_name': 'Unmet hours', 'weight': 0.3, 'value': 0.8856197407697058}","{'display_name': 'Ramping', 'weight': 0.075, 'value': 2.621376420522632}","{'display_name': 'Load factor', 'weight': 0.075, 'value': 1.0035887922221725}","{'display_name': 'Daily peak', 'weight': 0.075, 'value': 1.4877223942914763}","{'display_name': 'All-time peak', 'weight': 0.075, 'value': 1.3452231137121589}","{'display_name': 'Thermal resilience', 'weight': 0.15, 'value': 0.8650793650793651}","{'display_name': 'Unserved energy', 'weight': 0.15, 'value': 0.7054254529043963}","{'display_name': 'Score', 'weight': None, 'value': 1.1475611}"
"{'display_name': 'Carbon emissions', 'weight': 0.1, 'value': 1.6176342730727453}","{'display_name': 'Unmet hours', 'weight': 0.3, 'value': 0.8988211574005575}","{'display_name': 'Ramping', 'weight': 0.075, 'value': 2.915242191600594}","{'display_name': 'Load factor', 'weight': 0.075, 'value': 1.0231880412878616}","{'display_name': 'Daily peak', 'weight': 0.075, 'value': 1.531447822098814}","{'display_name': 'All-time peak', 'weight': 0.075, 'value': 1.3189938415778104}","{'display_name': 'Thermal resilience', 'weight': 0.15, 'value': 0.7968253968253968}","{'display_name': 'Unserved energy', 'weight': 0.15, 'value': 0.7621569794765911}","{'display_name': 'Score', 'weight': None, 'value': 1.1744225}"
"{'display_name': 'Carbon emissions', 'weight': 0.1, 'value': 1.56442623190021}","{'display_name': 'Unmet hours', 'weight': 0.3, 'value': 0.8844451255169693}","{'display_name': 'Ramping', 'weight': 0.075, 'value': 2.9001884632544233}","{'display_name': 'Load factor', 'weight': 0.075, 'value': 1.0443764420364985}","{'display_name': 'Daily peak', 'weight': 0.075, 'value': 1.5263513035486402}","{'display_name': 'All-time peak', 'weight': 0.075, 'value': 1.3043270375093585}","{'display_name': 'Thermal resilience', 'weight': 0.15, 'value': 0.8396825396825397}","{'display_name': 'Unserved energy', 'weight': 0.15, 'value': 0.71920633323378}","{'display_name': 'Score', 'weight': None, 'value': 1.1637528}"
"{'display_name': 'Carbon emissions', 'weight': 0.1, 'value': 1.5485823151579103}","{'display_name': 'Unmet hours', 'weight': 0.3, 'value': 0.8883367504385872}","{'display_name': 'Ramping', 'weight': 0.075, 'value': 2.816705922654761}","{'display_name': 'Load factor', 'weight': 0.075, 'value': 1.0107529480374866}","{'display_name': 'Daily peak', 'weight': 0.075, 'value': 1.4250785415721285}","{'display_name': 'All-time peak', 'weight': 0.075, 'value': 1.2863868981715845}","{'display_name': 'Thermal resilience', 'weight': 0.15, 'value': 0.8174603174603176}","{'display_name': 'Unserved energy', 'weight': 0.15, 'value': 0.7277892147948061}","{'display_name': 'Score', 'weight': None, 'value': 1.1435661}"
"{'display_name': 'Carbon emissions', 'weight': 0.1, 'value': 1.6093424076836735}","{'display_name': 'Unmet hours', 'weight': 0.3, 'value': 0.8765168541964635}","{'display_name': 'Ramping', 'weight': 0.075, 'value': 2.820408890864502}","{'display_name': 'Load factor', 'weight': 0.075, 'value': 0.9802478157707347}","{'display_name': 'Daily peak', 'weight': 0.075, 'value': 1.448154824159086}","{'display_name': 'All-time peak', 'weight': 0.075, 'value': 1.2563462578567008}","{'display_name': 'Thermal resilience', 'weight': 0.15, 'value': 0.7984126984126984}","{'display_name': 'Unserved energy', 'weight': 0.15, 'value': 0.7456963890172595}","{'display_name': 'Score', 'weight': None, 'value': 1.1433926}"
"{'display_name': 'Carbon emissions', 'weight': 0.1, 'value': 1.647614425612509}","{'display_name': 'Unmet hours', 'weight': 0.3, 'value': 0.9027315705297569}","{'display_name': 'Ramping', 'weight': 0.075, 'value': 2.9116626611837044}","{'display_name': 'Load factor', 'weight': 0.075, 'value': 1.0234781202826293}","{'display_name': 'Daily peak', 'weight': 0.075, 'value': 1.5536831664805253}","{'display_name': 'All-time peak', 'weight': 0.075, 'value': 1.1684736258869248}","{'display_name': 'Thermal resilience', 'weight': 0.15, 'value': 0.7047619047619048}","{'display_name': 'Unserved energy', 'weight': 0.15, 'value': 0.7458494773793838}","{'display_name': 'Score', 'weight': None, 'value': 1.1524699}"
"{'display_name': 'Carbon emissions', 'weight': 0.1, 'value': 1.5770451346710275}","{'display_name': 'Unmet hours', 'weight': 0.3, 'value': 0.8805189772639204}","{'display_name': 'Ramping', 'weight': 0.075, 'value': 2.9138765530839326}","{'display_name': 'Load factor', 'weight': 0.075, 'value': 1.0061190228580328}","{'display_name': 'Daily peak', 'weight': 0.075, 'value': 1.4462454767280837}","{'display_name': 'All-time peak', 'weight': 0.075, 'value': 1.5203154954760336}","{'display_name': 'Thermal resilience', 'weight': 0.15, 'value': 0.7714285714285714}","{'display_name': 'Unserved energy', 'weight': 0.15, 'value': 0.7393560315348603}","{'display_name': 'Score', 'weight': None, 'value': 1.1649697}"
"{'display_name': 'Carbon emissions', 'weight': 0.1, 'value': 1.6125560556992022}","{'display_name': 'Unmet hours', 'weight': 0.3, 'value': 0.8956842312922294}","{'display_name': 'Ramping', 'weight': 0.075, 'value': 3.025122592376582}","{'display_name': 'Load factor', 'weight': 0.075, 'value': 1.0249209687385885}","{'display_name': 'Daily peak', 'weight': 0.075, 'value': 1.5443776137153848}","{'display_name': 'All-time peak', 'weight': 0.075, 'value': 1.223211045944276}","{'display_name': 'Thermal resilience', 'weight': 0.15, 'value': 0.8206349206349207}","{'display_name': 'Unserved energy', 'weight': 0.15, 'value': 0.7280945521564351}","{'display_name': 'Score', 'weight': None, 'value': 1.1735928}"
"{'display_name': 'Carbon emissions', 'weight': 0.1, 'value': 1.599058735927242}","{'display_name': 'Unmet hours', 'weight': 0.3, 'value': 0.8965446137731652}","{'display_name': 'Ramping', 'weight': 0.075, 'value': 2.871845369069186}","{'display_name': 'Load factor', 'weight': 0.075, 'value': 0.9945483797314272}","{'display_name': 'Daily peak', 'weight': 0.075, 'value': 1.4492049463877639}","{'display_name': 'All-time peak', 'weight': 0.075, 'value': 1.0925503003559731}","{'display_name': 'Thermal resilience', 'weight': 0.15, 'value': 0.8174603174603176}","{'display_name': 'Unserved energy', 'weight': 0.15, 'value': 0.7228578169161001}","{'display_name': 'Score', 'weight': None, 'value': 1.1405282}"
"{'display_name': 'Carbon emissions', 'weight': 0.1, 'value': 1.609904898261161}","{'display_name': 'Unmet hours', 'weight': 0.3, 'value': 0.8887235526621716}","{'display_name': 'Ramping', 'weight': 0.075, 'value': 2.8021493954770036}","{'display_name': 'Load factor', 'weight': 0.075, 'value': 1.004602801049445}","{'display_name': 'Daily peak', 'weight': 0.075, 'value': 1.5046725953524327}","{'display_name': 'All-time peak', 'weight': 0.075, 'value': 1.2808333043954176}","{'display_name': 'Thermal resilience', 'weight': 0.15, 'value': 0.7507936507936508}","{'display_name': 'Unserved energy', 'weight': 0.15, 'value': 0.692344492279195}","{'display_name': 'Score', 'weight': None, 'value': 1.1384976}"
"{'display_name': 'Carbon emissions', 'weight': 0.1, 'value': 1.615488913904615}","{'display_name': 'Unmet hours', 'weight': 0.3, 'value': 0.9071487955584677}","{'display_name': 'Ramping', 'weight': 0.075, 'value': 2.84646464939943}","{'display_name': 'Load factor', 'weight': 0.075, 'value': 0.9959579907171614}","{'display_name': 'Daily peak', 'weight': 0.075, 'value': 1.4766476334851273}","{'display_name': 'All-time peak', 'weight': 0.075, 'value': 1.1265532769197937}","{'display_name': 'Thermal resilience', 'weight': 0.15, 'value': 0.9079365079365079}","{'display_name': 'Unserved energy', 'weight': 0.15, 'value': 0.6738826559516579}","{'display_name': 'Score', 'weight': None, 'value': 1.1543882}"
"{'display_name': 'Carbon emissions', 'weight': 0.1, 'value': 1.6062660439640244}","{'display_name': 'Unmet hours', 'weight': 0.3, 'value': 0.8947667796307647}","{'display_name': 'Ramping', 'weight': 0.075, 'value': 2.9380762759358}","{'display_name': 'Load factor', 'weight': 0.075, 'value': 1.0007991943915984}","{'display_name': 'Daily peak', 'weight': 0.075, 'value': 1.5016212430581515}","{'display_name': 'All-time peak', 'weight': 0.075, 'value': 1.518582827956974}","{'display_name': 'Thermal resilience', 'weight': 0.15, 'value': 0.8396825396825397}","{'display_name': 'Unserved energy', 'weight': 0.15, 'value': 0.7443064709763804}","{'display_name': 'Score', 'weight': None, 'value': 1.188586}"
"{'display_name': 'Carbon emissions', 'weight': 0.1, 'value': 1.627033916257561}","{'display_name': 'Unmet hours', 'weight': 0.3, 'value': 0.9021694508441778}","{'display_name': 'Ramping', 'weight': 0.075, 'value': 2.830898584539629}","{'display_name': 'Load factor', 'weight': 0.075, 'value': 1.0099510588381926}","{'display_name': 'Daily peak', 'weight': 0.075, 'value': 1.5582641907476589}","{'display_name': 'All-time peak', 'weight': 0.075, 'value': 1.3106147078164898}","{'display_name': 'Thermal resilience', 'weight': 0.15, 'value': 0.7253968253968255}","{'display_name': 'Unserved energy', 'weight': 0.15, 'value': 0.7767133935748882}","{'display_name': 'Score', 'weight': None, 'value': 1.1619003}"
"{'display_name': 'Carbon emissions', 'weight': 0.1, 'value': 1.5821516318411275}","{'display_name': 'Unmet hours', 'weight': 0.3, 'value': 0.8814992519944856}","{'display_name': 'Ramping', 'weight': 0.075, 'value': 2.9200282244030897}","{'display_name': 'Load factor', 'weight': 0.075, 'value': 1.0167713830452647}","{'display_name': 'Daily peak', 'weight': 0.075, 'value': 1.4845874077615784}","{'display_name': 'All-time peak', 'weight': 0.075, 'value': 1.4443359484502756}","{'display_name': 'Thermal resilience', 'weight': 0.15, 'value': 0.7507936507936508}","{'display_name': 'Unserved energy', 'weight': 0.15, 'value': 0.6608050504545643}","{'display_name': 'Score', 'weight': None, 'value': 1.149334}"
"{'display_name': 'Carbon emissions', 'weight': 0.1, 'value': 1.5869340918776969}","{'display_name': 'Unmet hours', 'weight': 0.3, 'value': 0.8906906779959559}","{'display_name': 'Ramping', 'weight': 0.075, 'value': 2.9485505166534423}","{'display_name': 'Load factor', 'weight': 0.075, 'value': 1.0431157545923038}","{'display_name': 'Daily peak', 'weight': 0.075, 'value': 1.5486690253715247}","{'display_name': 'All-time peak', 'weight': 0.075, 'value': 1.3789011119375292}","{'display_name': 'Thermal resilience', 'weight': 0.15, 'value': 0.8412698412698413}","{'display_name': 'Unserved energy', 'weight': 0.15, 'value': 0.683304958713813}","{'display_name': 'Score', 'weight': None, 'value': 1.1735296}"
"{'display_name': 'Carbon emissions', 'weight': 0.1, 'value': 1.5980293471194276}","{'display_name': 'Unmet hours', 'weight': 0.3, 'value': 0.8907317772000404}","{'display_name': 'Ramping', 'weight': 0.075, 'value': 2.8768322827820487}","{'display_name': 'Load factor', 'weight': 0.075, 'value': 1.0224065716214266}","{'display_name': 'Daily peak', 'weight': 0.075, 'value': 1.4819291190049784}","{'display_name': 'All-time peak', 'weight': 0.075, 'value': 1.214043336206655}","{'display_name': 'Thermal resilience', 'weight': 0.15, 'value': 0.815873015873016}","{'display_name': 'Unserved energy', 'weight': 0.15, 'value': 0.6943147133948129}","{'display_name': 'Score', 'weight': None, 'value': 1.1481915}"
"{'display_name': 'Carbon emissions', 'weight': 0.1, 'value': 1.547447333777879}","{'display_name': 'Unmet hours', 'weight': 0.3, 'value': 0.8913948835013703}","{'display_name': 'Ramping', 'weight': 0.075, 'value': 2.846601472312655}","{'display_name': 'Load factor', 'weight': 0.075, 'value': 1.0207396057634361}","{'display_name': 'Daily peak', 'weight': 0.075, 'value': 1.4606391077312395}","{'display_name': 'All-time peak', 'weight': 0.075, 'value': 1.3246846673386077}","{'display_name': 'Thermal resilience', 'weight': 0.15, 'value': 0.7730158730158729}","{'display_name': 'Unserved energy', 'weight': 0.15, 'value': 0.6419289653291562}","{'display_name': 'Score', 'weight': None, 'value': 1.1333548}"
"{'display_name': 'Carbon emissions', 'weight': 0.1, 'value': 1.5741239499550481}","{'display_name': 'Unmet hours', 'weight': 0.3, 'value': 0.8956605111801578}","{'display_name': 'Ramping', 'weight': 0.075, 'value': 2.888005251246822}","{'display_name': 'Load factor', 'weight': 0.075, 'value': 1.0095019978463593}","{'display_name': 'Daily peak', 'weight': 0.075, 'value': 1.480860727440318}","{'display_name': 'All-time peak', 'weight': 0.075, 'value': 1.2884725149897762}","{'display_name': 'Thermal resilience', 'weight': 0.15, 'value': 0.8650793650793651}","{'display_name': 'Unserved energy', 'weight': 0.15, 'value': 0.6463447065876496}","{'display_name': 'Score', 'weight': None, 'value': 1.1528373}"
"{'display_name': 'Carbon emissions', 'weight': 0.1, 'value': 1.5735163403279262}","{'display_name': 'Unmet hours', 'weight': 0.3, 'value': 0.8857730995140899}","{'display_name': 'Ramping', 'weight': 0.075, 'value': 2.772452239206783}","{'display_name': 'Load factor', 'weight': 0.075, 'value': 1.0072799493017164}","{'display_name': 'Daily peak', 'weight': 0.075, 'value': 1.4536784058821048}","{'display_name': 'All-time peak', 'weight': 0.075, 'value': 1.230546303989114}","{'display_name': 'Thermal resilience', 'weight': 0.15, 'value': 0.7936507936507936}","{'display_name': 'Unserved energy', 'weight': 0.15, 'value': 0.7411399286379718}","{'display_name': 'Score', 'weight': None, 'value': 1.138099}"
"{'display_name': 'Carbon emissions', 'weight': 0.1, 'value': 1.5535260793539762}","{'display_name': 'Unmet hours', 'weight': 0.3, 'value': 0.8858520099859323}","{'display_name': 'Ramping', 'weight': 0.075, 'value': 2.7398027783559744}","{'display_name': 'Load factor', 'weight': 0.075, 'value': 0.9812577220204777}","{'display_name': 'Daily peak', 'weight': 0.075, 'value': 1.414141917453348}","{'display_name': 'All-time peak', 'weight': 0.075, 'value': 1.5497353584379172}","{'display_name': 'Thermal resilience', 'weight': 0.15, 'value': 0.8174603174603176}","{'display_name': 'Unserved energy', 'weight': 0.15, 'value': 0.7502916547681046}","{'display_name': 'Score', 'weight': None, 'value': 1.1576414}"
"{'display_name': 'Carbon emissions', 'weight': 0.1, 'value': 1.5608456749482522}","{'display_name': 'Unmet hours', 'weight': 0.3, 'value': 0.8912827413873682}","{'display_name': 'Ramping', 'weight': 0.075, 'value': 2.7549888823756916}","{'display_name': 'Load factor', 'weight': 0.075, 'value': 1.003694181097789}","{'display_name': 'Daily peak', 'weight': 0.075, 'value': 1.4043861050414952}","{'display_name': 'All-time peak', 'weight': 0.075, 'value': 1.1566657107874776}","{'display_name': 'Thermal resilience', 'weight': 0.15, 'value': 0.8174603174603176}","{'display_name': 'Unserved energy', 'weight': 0.15, 'value': 0.6991339844717245}","{'display_name': 'Score', 'weight': None, 'value': 1.1249387}"
"{'display_name': 'Carbon emissions', 'weight': 0.1, 'value': 1.5803663683468143}","{'display_name': 'Unmet hours', 'weight': 0.3, 'value': 0.8919679238326065}","{'display_name': 'Ramping', 'weight': 0.075, 'value': 2.728183607078846}","{'display_name': 'Load factor', 'weight': 0.075, 'value': 1.0038471058236935}","{'display_name': 'Daily peak', 'weight': 0.075, 'value': 1.4784806711714176}","{'display_name': 'All-time peak', 'weight': 0.075, 'value': 1.6484574822959859}","{'display_name': 'Thermal resilience', 'weight': 0.15, 'value': 0.7730158730158729}","{'display_name': 'Unserved energy', 'weight': 0.15, 'value': 0.6981683815100584}","{'display_name': 'Score', 'weight': None, 'value': 1.1607273}"
"{'display_name': 'Carbon emissions', 'weight': 0.1, 'value': 1.5430170009576358}","{'display_name': 'Unmet hours', 'weight': 0.3, 'value': 0.8742925652714074}","{'display_name': 'Ramping', 'weight': 0.075, 'value': 2.6960135752124548}","{'display_name': 'Load factor', 'weight': 0.075, 'value': 1.0138732738756793}","{'display_name': 'Daily peak', 'weight': 0.075, 'value': 1.4634491949835982}","{'display_name': 'All-time peak', 'weight': 0.075, 'value': 1.4126874739431825}","{'display_name': 'Thermal resilience', 'weight': 0.15, 'value': 0.7952380952380952}","{'display_name': 'Unserved energy', 'weight': 0.15, 'value': 0.636698185351167}","{'display_name': 'Score', 'weight': None, 'value': 1.1253316}"
"{'display_name': 'Carbon emissions', 'weight': 0.1, 'value': 1.5726289208861228}","{'display_name': 'Unmet hours', 'weight': 0.3, 'value': 0.8920895774766967}","{'display_name': 'Ramping', 'weight': 0.075, 'value': 2.7842021775730093}","{'display_name': 'Load factor', 'weight': 0.075, 'value': 1.0154965925707646}","{'display_name': 'Daily peak', 'weight': 0.075, 'value': 1.501333844354297}","{'display_name': 'All-time peak', 'weight': 0.075, 'value': 1.2812306952188086}","{'display_name': 'Thermal resilience', 'weight': 0.15, 'value': 0.8412698412698413}","{'display_name': 'Unserved energy', 'weight': 0.15, 'value': 0.7980534519449769}","{'display_name': 'Score', 'weight': None, 'value': 1.164458}"
"{'display_name': 'Carbon emissions', 'weight': 0.1, 'value': 1.5360210302485884}","{'display_name': 'Unmet hours', 'weight': 0.3, 'value': 0.8702716539963692}","{'display_name': 'Ramping', 'weight': 0.075, 'value': 2.7677068813832975}","{'display_name': 'Load factor', 'weight': 0.075, 'value': 1.0354973970741934}","{'display_name': 'Daily peak', 'weight': 0.075, 'value': 1.4279505682477276}","{'display_name': 'All-time peak', 'weight': 0.075, 'value': 1.3421587553969279}","{'display_name': 'Thermal resilience', 'weight': 0.15, 'value': 0.7984126984126984}","{'display_name': 'Unserved energy', 'weight': 0.15, 'value': 0.7280364822341973}","{'display_name': 'Score', 'weight': None, 'value': 1.1366494}"
"{'display_name': 'Carbon emissions', 'weight': 0.1, 'value': 1.5818858281629502}","{'display_name': 'Unmet hours', 'weight': 0.3, 'value': 0.8933414592331124}","{'display_name': 'Ramping', 'weight': 0.075, 'value': 2.756847318558681}","{'display_name': 'Load factor', 'weight': 0.075, 'value': 0.9920499935217318}","{'display_name': 'Daily peak', 'weight': 0.075, 'value': 1.430744346039362}","{'display_name': 'All-time peak', 'weight': 0.075, 'value': 1.5371504357937362}","{'display_name': 'Thermal resilience', 'weight': 0.15, 'value': 0.7253968253968255}","{'display_name': 'Unserved energy', 'weight': 0.15, 'value': 0.7112332802902098}","{'display_name': 'Score', 'weight': None, 'value': 1.145445}"
"{'display_name': 'Carbon emissions', 'weight': 0.1, 'value': 1.544960430327882}","{'display_name': 'Unmet hours', 'weight': 0.3, 'value': 0.8960679804320818}","{'display_name': 'Ramping', 'weight': 0.075, 'value': 2.8206711607651034}","{'display_name': 'Load factor', 'weight': 0.075, 'value': 0.9963063157584959}","{'display_name': 'Daily peak', 'weight': 0.075, 'value': 1.3834020596182406}","{'display_name': 'All-time peak', 'weight': 0.075, 'value': 1.2743682406981125}","{'display_name': 'Thermal resilience', 'weight': 0.15, 'value': 0.7968253968253968}","{'display_name': 'Unserved energy', 'weight': 0.15, 'value': 0.6529214433313805}","{'display_name': 'Score', 'weight': None, 'value': 1.1263845}"
"{'display_name': 'Carbon emissions', 'weight': 0.1, 'value': 1.527786425130287}","{'display_name': 'Unmet hours', 'weight': 0.3, 'value': 0.8798640908034073}","{'display_name': 'Ramping', 'weight': 0.075, 'value': 3.0762138527020073}","{'display_name': 'Load factor', 'weight': 0.075, 'value': 1.049163332335059}","{'display_name': 'Daily peak', 'weight': 0.075, 'value': 1.4956858251718392}","{'display_name': 'All-time peak', 'weight': 0.075, 'value': 1.3237390144451995}","{'display_name': 'Thermal resilience', 'weight': 0.15, 'value': 0.7253968253968255}","{'display_name': 'Unserved energy', 'weight': 0.15, 'value': 0.709297277154994}","{'display_name': 'Score', 'weight': None, 'value': 1.1528021}"
"{'display_name': 'Carbon emissions', 'weight': 0.1, 'value': 1.5538718581010837}","{'display_name': 'Unmet hours', 'weight': 0.3, 'value': 0.8700506577046916}","{'display_name': 'Ramping', 'weight': 0.075, 'value': 2.8976483104797195}","{'display_name': 'Load factor', 'weight': 0.075, 'value': 1.0336131054253013}","{'display_name': 'Daily peak', 'weight': 0.075, 'value': 1.4803101767917985}","{'display_name': 'All-time peak', 'weight': 0.075, 'value': 1.227949502412997}","{'display_name': 'Thermal resilience', 'weight': 0.15, 'value': 0.815873015873016}","{'display_name': 'Unserved energy', 'weight': 0.15, 'value': 0.7416303318536368}","{'display_name': 'Score', 'weight': None, 'value': 1.1479919}"
"{'display_name': 'Carbon emissions', 'weight': 0.1, 'value': 1.5363706427030521}","{'display_name': 'Unmet hours', 'weight': 0.3, 'value': 0.8936256308727827}","{'display_name': 'Ramping', 'weight': 0.075, 'value': 2.713070581680785}","{'display_name': 'Load factor', 'weight': 0.075, 'value': 1.0129072455762416}","{'display_name': 'Daily peak', 'weight': 0.075, 'value': 1.4008528866265668}","{'display_name': 'All-time peak', 'weight': 0.075, 'value': 1.2397164686082738}","{'display_name': 'Thermal resilience', 'weight': 0.15, 'value': 0.7714285714285714}","{'display_name': 'Unserved energy', 'weight': 0.15, 'value': 0.7431131181679399}","{'display_name': 'Score', 'weight': None, 'value': 1.126397}"
"{'display_name': 'Carbon emissions', 'weight': 0.1, 'value': 1.5725708064688761}","{'display_name': 'Unmet hours', 'weight': 0.3, 'value': 0.897339002674971}","{'display_name': 'Ramping', 'weight': 0.075, 'value': 2.8193531821484203}","{'display_name': 'Load factor', 'weight': 0.075, 'value': 1.0498639866516435}","{'display_name': 'Daily peak', 'weight': 0.075, 'value': 1.528147152481056}","{'display_name': 'All-time peak', 'weight': 0.075, 'value': 1.2831282800034776}","{'display_name': 'Thermal resilience', 'weight': 0.15, 'value': 0.8412698412698413}","{'display_name': 'Unserved energy', 'weight': 0.15, 'value': 0.7054991768951594}","{'display_name': 'Score', 'weight': None, 'value': 1.1595111}"
"{'display_name': 'Carbon emissions', 'weight': 0.1, 'value': 1.594617796145881}","{'display_name': 'Unmet hours', 'weight': 0.3, 'value': 0.898895488246802}","{'display_name': 'Ramping', 'weight': 0.075, 'value': 2.8331266540195843}","{'display_name': 'Load factor', 'weight': 0.075, 'value': 0.9803118217950164}","{'display_name': 'Daily peak', 'weight': 0.075, 'value': 1.3977479889878206}","{'display_name': 'All-time peak', 'weight': 0.075, 'value': 1.1129024090872666}","{'display_name': 'Thermal resilience', 'weight': 0.15, 'value': 0.8190476190476191}","{'display_name': 'Unserved energy', 'weight': 0.15, 'value': 0.7855429248534299}","{'display_name': 'Score', 'weight': None, 'value': 1.1441257}"
"{'display_name': 'Carbon emissions', 'weight': 0.1, 'value': 1.6239934693859552}","{'display_name': 'Unmet hours', 'weight': 0.3, 'value': 0.9022456605111802}","{'display_name': 'Ramping', 'weight': 0.075, 'value': 2.621399810365936}","{'display_name': 'Load factor', 'weight': 0.075, 'value': 0.9835431717137225}","{'display_name': 'Daily peak', 'weight': 0.075, 'value': 1.4422398350233248}","{'display_name': 'All-time peak', 'weight': 0.075, 'value': 1.3320039301239202}","{'display_name': 'Thermal resilience', 'weight': 0.15, 'value': 0.8412698412698413}","{'display_name': 'Unserved energy', 'weight': 0.15, 'value': 0.7497380460616193}","{'display_name': 'Score', 'weight': None, 'value': 1.1501632}"
"{'display_name': 'Carbon emissions', 'weight': 0.1, 'value': 1.5567010502438123}","{'display_name': 'Unmet hours', 'weight': 0.3, 'value': 0.8743353084436554}","{'display_name': 'Ramping', 'weight': 0.075, 'value': 2.711514191343223}","{'display_name': 'Load factor', 'weight': 0.075, 'value': 1.0178082364772914}","{'display_name': 'Daily peak', 'weight': 0.075, 'value': 1.4321020845113077}","{'display_name': 'All-time peak', 'weight': 0.075, 'value': 1.0785254028334523}","{'display_name': 'Thermal resilience', 'weight': 0.15, 'value': 0.8634920634920635}","{'display_name': 'Unserved energy', 'weight': 0.15, 'value': 0.6554698892393523}","{'display_name': 'Score', 'weight': None, 'value': 1.1138113}"
"{'display_name': 'Carbon emissions', 'weight': 0.1, 'value': 1.581684199763967}","{'display_name': 'Unmet hours', 'weight': 0.3, 'value': 0.8972866305463376}","{'display_name': 'Ramping', 'weight': 0.075, 'value': 3.0305243267432185}","{'display_name': 'Load factor', 'weight': 0.075, 'value': 0.9996672423122845}","{'display_name': 'Daily peak', 'weight': 0.075, 'value': 1.4715729067365315}","{'display_name': 'All-time peak', 'weight': 0.075, 'value': 1.3005565591798083}","{'display_name': 'Thermal resilience', 'weight': 0.15, 'value': 0.8873015873015873}","{'display_name': 'Unserved energy', 'weight': 0.15, 'value': 0.7908879225961495}","{'display_name': 'Score', 'weight': None, 'value': 1.1892569}"
"{'display_name': 'Carbon emissions', 'weight': 0.1, 'value': 1.6113733427785693}","{'display_name': 'Unmet hours', 'weight': 0.3, 'value': 0.8973813935683269}","{'display_name': 'Ramping', 'weight': 0.075, 'value': 2.8100584206257415}","{'display_name': 'Load factor', 'weight': 0.075, 'value': 0.9818273979502118}","{'display_name': 'Daily peak', 'weight': 0.075, 'value': 1.440851564209902}","{'display_name': 'All-time peak', 'weight': 0.075, 'value': 1.5710945147979793}","{'display_name': 'Thermal resilience', 'weight': 0.15, 'value': 0.8412698412698413}","{'display_name': 'Unserved energy', 'weight': 0.15, 'value': 0.715417564090396}","{'display_name': 'Score', 'weight': None, 'value': 1.1741422}"
"{'display_name': 'Carbon emissions', 'weight': 0.1, 'value': 1.5262370839043289}","{'display_name': 'Unmet hours', 'weight': 0.3, 'value': 0.8875018494641838}","{'display_name': 'Ramping', 'weight': 0.075, 'value': 3.0728280510304264}","{'display_name': 'Load factor', 'weight': 0.075, 'value': 1.0726504691649859}","{'display_name': 'Daily peak', 'weight': 0.075, 'value': 1.5071403109447905}","{'display_name': 'All-time peak', 'weight': 0.075, 'value': 1.2490410323659231}","{'display_name': 'Thermal resilience', 'weight': 0.15, 'value': 0.861904761904762}","{'display_name': 'Unserved energy', 'weight': 0.15, 'value': 0.6097543160463643}","{'display_name': 'Score', 'weight': None, 'value': 1.1572475}"
"{'display_name': 'Carbon emissions', 'weight': 0.1, 'value': 1.530518486299881}","{'display_name': 'Unmet hours', 'weight': 0.3, 'value': 0.8775512624501233}","{'display_name': 'Ramping', 'weight': 0.075, 'value': 2.912892763291939}","{'display_name': 'Load factor', 'weight': 0.075, 'value': 1.0244949214381742}","{'display_name': 'Daily peak', 'weight': 0.075, 'value': 1.457456229580294}","{'display_name': 'All-time peak', 'weight': 0.075, 'value': 1.2535459323193128}","{'display_name': 'Thermal resilience', 'weight': 0.15, 'value': 0.7523809523809524}","{'display_name': 'Unserved energy', 'weight': 0.15, 'value': 0.7555759580122671}","{'display_name': 'Score', 'weight': None, 'value': 1.14114}"
"{'display_name': 'Carbon emissions', 'weight': 0.1, 'value': 1.5516842224169072}","{'display_name': 'Unmet hours', 'weight': 0.3, 'value': 0.8740356365327302}","{'display_name': 'Ramping', 'weight': 0.075, 'value': 2.964003565108902}","{'display_name': 'Load factor', 'weight': 0.075, 'value': 1.0653466227599926}","{'display_name': 'Daily peak', 'weight': 0.075, 'value': 1.5321681127695488}","{'display_name': 'All-time peak', 'weight': 0.075, 'value': 1.4889179379678774}","{'display_name': 'Thermal resilience', 'weight': 0.15, 'value': 0.8412698412698413}","{'display_name': 'Unserved energy', 'weight': 0.15, 'value': 0.7592352194224979}","{'display_name': 'Score', 'weight': None, 'value': 1.1862376}"
"{'display_name': 'Carbon emissions', 'weight': 0.1, 'value': 1.5440820781523883}","{'display_name': 'Unmet hours', 'weight': 0.3, 'value': 0.8831714024692402}","{'display_name': 'Ramping', 'weight': 0.075, 'value': 2.936088243874631}","{'display_name': 'Load factor', 'weight': 0.075, 'value': 1.0406336614276723}","{'display_name': 'Daily peak', 'weight': 0.075, 'value': 1.4750169004121314}","{'display_name': 'All-time peak', 'weight': 0.075, 'value': 1.1864576921929635}","{'display_name': 'Thermal resilience', 'weight': 0.15, 'value': 0.8174603174603176}","{'display_name': 'Unserved energy', 'weight': 0.15, 'value': 0.7057896695712947}","{'display_name': 'Score', 'weight': None, 'value': 1.1457119}"
"{'display_name': 'Carbon emissions', 'weight': 0.1, 'value': 1.5728069596440646}","{'display_name': 'Unmet hours', 'weight': 0.3, 'value': 0.8785567838346262}","{'display_name': 'Ramping', 'weight': 0.075, 'value': 2.9055648622687533}","{'display_name': 'Load factor', 'weight': 0.075, 'value': 1.0482430429691196}","{'display_name': 'Daily peak', 'weight': 0.075, 'value': 1.5300620271151106}","{'display_name': 'All-time peak', 'weight': 0.075, 'value': 1.3674713629783297}","{'display_name': 'Thermal resilience', 'weight': 0.15, 'value': 0.7968253968253968}","{'display_name': 'Unserved energy', 'weight': 0.15, 'value': 0.695259233136628}","{'display_name': 'Score', 'weight': None, 'value': 1.158511}"
"{'display_name': 'Carbon emissions', 'weight': 0.1, 'value': 1.584583069137139}","{'display_name': 'Unmet hours', 'weight': 0.3, 'value': 0.8923420440160733}","{'display_name': 'Ramping', 'weight': 0.075, 'value': 2.841065425252377}","{'display_name': 'Load factor', 'weight': 0.075, 'value': 1.0205330836763247}","{'display_name': 'Daily peak', 'weight': 0.075, 'value': 1.4814771792362633}","{'display_name': 'All-time peak', 'weight': 0.075, 'value': 1.5478435324378637}","{'display_name': 'Thermal resilience', 'weight': 0.15, 'value': 0.7952380952380952}","{'display_name': 'Unserved energy', 'weight': 0.15, 'value': 0.7599209664286463}","{'display_name': 'Score', 'weight': None, 'value': 1.1762537}"
"{'display_name': 'Carbon emissions', 'weight': 0.1, 'value': 1.5561214809461934}","{'display_name': 'Unmet hours', 'weight': 0.3, 'value': 0.8948351217358425}","{'display_name': 'Ramping', 'weight': 0.075, 'value': 2.805439414213937}","{'display_name': 'Load factor', 'weight': 0.075, 'value': 1.0587461862229854}","{'display_name': 'Daily peak', 'weight': 0.075, 'value': 1.5375181498792942}","{'display_name': 'All-time peak', 'weight': 0.075, 'value': 1.294242896832261}","{'display_name': 'Thermal resilience', 'weight': 0.15, 'value': 0.8634920634920635}","{'display_name': 'Unserved energy', 'weight': 0.15, 'value': 0.6868271177065904}","{'display_name': 'Score', 'weight': None, 'value': 1.1588066}"
"{'display_name': 'Carbon emissions', 'weight': 0.1, 'value': 1.5553642569588833}","{'display_name': 'Unmet hours', 'weight': 0.3, 'value': 0.8873771427363616}","{'display_name': 'Ramping', 'weight': 0.075, 'value': 2.866661942004696}","{'display_name': 'Load factor', 'weight': 0.075, 'value': 1.0176327084186365}","{'display_name': 'Daily peak', 'weight': 0.075, 'value': 1.4346639031504673}","{'display_name': 'All-time peak', 'weight': 0.075, 'value': 1.083134396811218}","{'display_name': 'Thermal resilience', 'weight': 0.15, 'value': 0.8634920634920634}","{'display_name': 'Unserved energy', 'weight': 0.15, 'value': 0.6840656574094567}","{'display_name': 'Score', 'weight': None, 'value': 1.1340402}"
"{'display_name': 'Carbon emissions', 'weight': 0.1, 'value': 1.5253771622710264}","{'display_name': 'Unmet hours', 'weight': 0.3, 'value': 0.872636619625692}","{'display_name': 'Ramping', 'weight': 0.075, 'value': 2.861908886138095}","{'display_name': 'Load factor', 'weight': 0.075, 'value': 1.0017343506980636}","{'display_name': 'Daily peak', 'weight': 0.075, 'value': 1.3793822048735576}","{'display_name': 'All-time peak', 'weight': 0.075, 'value': 1.1678938295192283}","{'display_name': 'Thermal resilience', 'weight': 0.15, 'value': 0.8412698412698413}","{'display_name': 'Unserved energy', 'weight': 0.15, 'value': 0.6356226530065034}","{'display_name': 'Score', 'weight': None, 'value': 1.1166816}"
"{'display_name': 'Carbon emissions', 'weight': 0.1, 'value': 1.5558307629205597}","{'display_name': 'Unmet hours', 'weight': 0.3, 'value': 0.8840571490304111}","{'display_name': 'Ramping', 'weight': 0.075, 'value': 2.8010834695510227}","{'display_name': 'Load factor', 'weight': 0.075, 'value': 0.9948062649966408}","{'display_name': 'Daily peak', 'weight': 0.075, 'value': 1.4064795740757128}","{'display_name': 'All-time peak', 'weight': 0.075, 'value': 1.4690036492092453}","{'display_name': 'Thermal resilience', 'weight': 0.15, 'value': 0.8190476190476191}","{'display_name': 'Unserved energy', 'weight': 0.15, 'value': 0.7332009877883298}","{'display_name': 'Score', 'weight': None, 'value': 1.1539905}"
"{'display_name': 'Carbon emissions', 'weight': 0.1, 'value': 1.5443886380098997}","{'display_name': 'Unmet hours', 'weight': 0.3, 'value': 0.8875508162301932}","{'display_name': 'Ramping', 'weight': 0.075, 'value': 2.771521473725336}","{'display_name': 'Load factor', 'weight': 0.075, 'value': 1.018275606566422}","{'display_name': 'Daily peak', 'weight': 0.075, 'value': 1.450535728141872}","{'display_name': 'All-time peak', 'weight': 0.075, 'value': 1.3992443726692738}","{'display_name': 'Thermal resilience', 'weight': 0.15, 'value': 0.7952380952380952}","{'display_name': 'Unserved energy', 'weight': 0.15, 'value': 0.7616745833610857}","{'display_name': 'Score', 'weight': None, 'value': 1.1522093}"
"{'display_name': 'Carbon emissions', 'weight': 0.1, 'value': 1.5088010100672673}","{'display_name': 'Unmet hours', 'weight': 0.3, 'value': 0.8670335064196957}","{'display_name': 'Ramping', 'weight': 0.075, 'value': 2.934175060153874}","{'display_name': 'Load factor', 'weight': 0.075, 'value': 1.043183875106411}","{'display_name': 'Daily peak', 'weight': 0.075, 'value': 1.433230312036706}","{'display_name': 'All-time peak', 'weight': 0.075, 'value': 1.1854079043354457}","{'display_name': 'Thermal resilience', 'weight': 0.15, 'value': 0.7952380952380952}","{'display_name': 'Unserved energy', 'weight': 0.15, 'value': 0.7346397901135567}","{'display_name': 'Score', 'weight': None, 'value': 1.1351717}"
"{'display_name': 'Carbon emissions', 'weight': 0.1, 'value': 1.5465945758687116}","{'display_name': 'Unmet hours', 'weight': 0.3, 'value': 0.8829661413014122}","{'display_name': 'Ramping', 'weight': 0.075, 'value': 2.795351289328721}","{'display_name': 'Load factor', 'weight': 0.075, 'value': 1.0045004157960653}","{'display_name': 'Daily peak', 'weight': 0.075, 'value': 1.4174271388125435}","{'display_name': 'All-time peak', 'weight': 0.075, 'value': 1.3366252025909622}","{'display_name': 'Thermal resilience', 'weight': 0.15, 'value': 0.8396825396825397}","{'display_name': 'Unserved energy', 'weight': 0.15, 'value': 0.7739690564621667}","{'display_name': 'Score', 'weight': None, 'value': 1.1531398}"
"{'display_name': 'Carbon emissions', 'weight': 0.1, 'value': 1.567324445181563}","{'display_name': 'Unmet hours', 'weight': 0.3, 'value': 0.8824513444136787}","{'display_name': 'Ramping', 'weight': 0.075, 'value': 2.851861095372442}","{'display_name': 'Load factor', 'weight': 0.075, 'value': 1.0063274057723457}","{'display_name': 'Daily peak', 'weight': 0.075, 'value': 1.4624738976290477}","{'display_name': 'All-time peak', 'weight': 0.075, 'value': 1.2850571499240782}","{'display_name': 'Thermal resilience', 'weight': 0.15, 'value': 0.7730158730158729}","{'display_name': 'Unserved energy', 'weight': 0.15, 'value': 0.7664534804129924}","{'display_name': 'Score', 'weight': None, 'value': 1.1478173}"
"{'display_name': 'Carbon emissions', 'weight': 0.1, 'value': 1.4832368263219842}","{'display_name': 'Unmet hours', 'weight': 0.3, 'value': 0.8665822371588473}","{'display_name': 'Ramping', 'weight': 0.075, 'value': 2.7916694325074727}","{'display_name': 'Load factor', 'weight': 0.075, 'value': 1.0523191939989116}","{'display_name': 'Daily peak', 'weight': 0.075, 'value': 1.4339783245153086}","{'display_name': 'All-time peak', 'weight': 0.075, 'value': 1.0615109845918511}","{'display_name': 'Thermal resilience', 'weight': 0.15, 'value': 0.7523809523809524}","{'display_name': 'Unserved energy', 'weight': 0.15, 'value': 0.6994766750689045}","{'display_name': 'Score', 'weight': None, 'value': 1.1015378}"
"{'display_name': 'Carbon emissions', 'weight': 0.1, 'value': 1.5560028633721499}","{'display_name': 'Unmet hours', 'weight': 0.3, 'value': 0.8736357999901362}","{'display_name': 'Ramping', 'weight': 0.075, 'value': 2.79069118654572}","{'display_name': 'Load factor', 'weight': 0.075, 'value': 1.0527774133019603}","{'display_name': 'Daily peak', 'weight': 0.075, 'value': 1.4990126639772021}","{'display_name': 'All-time peak', 'weight': 0.075, 'value': 1.287235464911156}","{'display_name': 'Thermal resilience', 'weight': 0.15, 'value': 0.8412698412698413}","{'display_name': 'Unserved energy', 'weight': 0.15, 'value': 0.7021820919244038}","{'display_name': 'Score', 'weight': None, 'value': 1.1464376}"
"{'display_name': 'Carbon emissions', 'weight': 0.1, 'value': 1.5031038070634892}","{'display_name': 'Unmet hours', 'weight': 0.3, 'value': 0.872012968560283}","{'display_name': 'Ramping', 'weight': 0.075, 'value': 2.8299888040102092}","{'display_name': 'Load factor', 'weight': 0.075, 'value': 1.0270002125946178}","{'display_name': 'Daily peak', 'weight': 0.075, 'value': 1.402654819991347}","{'display_name': 'All-time peak', 'weight': 0.075, 'value': 1.0911530094201987}","{'display_name': 'Thermal resilience', 'weight': 0.15, 'value': 0.7507936507936508}","{'display_name': 'Unserved energy', 'weight': 0.15, 'value': 0.7445704340089591}","{'display_name': 'Score', 'weight': None, 'value': 1.1125287}"
"{'display_name': 'Carbon emissions', 'weight': 0.1, 'value': 1.5265175930230466}","{'display_name': 'Unmet hours', 'weight': 0.3, 'value': 0.8682920814750622}","{'display_name': 'Ramping', 'weight': 0.075, 'value': 2.8781993171737725}","{'display_name': 'Load factor', 'weight': 0.075, 'value': 1.0428900214450372}","{'display_name': 'Daily peak', 'weight': 0.075, 'value': 1.4436675051495977}","{'display_name': 'All-time peak', 'weight': 0.075, 'value': 1.0743727894757218}","{'display_name': 'Thermal resilience', 'weight': 0.15, 'value': 0.7730158730158729}","{'display_name': 'Unserved energy', 'weight': 0.15, 'value': 0.7686839880285886}","{'display_name': 'Score', 'weight': None, 'value': 1.1273291}"
"{'display_name': 'Carbon emissions', 'weight': 0.1, 'value': 1.5455110379528076}","{'display_name': 'Unmet hours', 'weight': 0.3, 'value': 0.8689455588200067}","{'display_name': 'Ramping', 'weight': 0.075, 'value': 2.979579749983453}","{'display_name': 'Load factor', 'weight': 0.075, 'value': 1.0305670266615146}","{'display_name': 'Daily peak', 'weight': 0.075, 'value': 1.4295772996168605}","{'display_name': 'All-time peak', 'weight': 0.075, 'value': 1.2032901287065112}","{'display_name': 'Thermal resilience', 'weight': 0.15, 'value': 0.7968253968253968}","{'display_name': 'Unserved energy', 'weight': 0.15, 'value': 0.7059006506141127}","{'display_name': 'Score', 'weight': None, 'value': 1.1388698}"
"{'display_name': 'Carbon emissions', 'weight': 0.1, 'value': 1.5747345295275796}","{'display_name': 'Unmet hours', 'weight': 0.3, 'value': 0.87735386884422}","{'display_name': 'Ramping', 'weight': 0.075, 'value': 2.6639929528458164}","{'display_name': 'Load factor', 'weight': 0.075, 'value': 0.9999887566969448}","{'display_name': 'Daily peak', 'weight': 0.075, 'value': 1.4348616099517417}","{'display_name': 'All-time peak', 'weight': 0.075, 'value': 1.2450369038506117}","{'display_name': 'Thermal resilience', 'weight': 0.15, 'value': 0.8174603174603176}","{'display_name': 'Unserved energy', 'weight': 0.15, 'value': 0.6968089435044039}","{'display_name': 'Score', 'weight': None, 'value': 1.123611}"
"{'display_name': 'Carbon emissions', 'weight': 0.1, 'value': 1.5697473996309836}","{'display_name': 'Unmet hours', 'weight': 0.3, 'value': 0.8735647570802186}","{'display_name': 'Ramping', 'weight': 0.075, 'value': 2.954889028064614}","{'display_name': 'Load factor', 'weight': 0.075, 'value': 1.0406173074068639}","{'display_name': 'Daily peak', 'weight': 0.075, 'value': 1.529021382776212}","{'display_name': 'All-time peak', 'weight': 0.075, 'value': 1.3258494304206432}","{'display_name': 'Thermal resilience', 'weight': 0.15, 'value': 0.8650793650793651}","{'display_name': 'Unserved energy', 'weight': 0.15, 'value': 0.7799901844165227}","{'display_name': 'Score', 'weight': None, 'value': 1.1795828}"
"{'display_name': 'Carbon emissions', 'weight': 0.1, 'value': 1.5554647877449075}","{'display_name': 'Unmet hours', 'weight': 0.3, 'value': 0.8649339242224618}","{'display_name': 'Ramping', 'weight': 0.075, 'value': 2.882300477814281}","{'display_name': 'Load factor', 'weight': 0.075, 'value': 1.00012775100671}","{'display_name': 'Daily peak', 'weight': 0.075, 'value': 1.4021722616168841}","{'display_name': 'All-time peak', 'weight': 0.075, 'value': 1.1122065894276905}","{'display_name': 'Thermal resilience', 'weight': 0.15, 'value': 0.815873015873016}","{'display_name': 'Unserved energy', 'weight': 0.15, 'value': 0.7684212594796641}","{'display_name': 'Score', 'weight': None, 'value': 1.1324313}"
"{'display_name': 'Carbon emissions', 'weight': 0.1, 'value': 1.5497181997967058}","{'display_name': 'Unmet hours', 'weight': 0.3, 'value': 0.8757815307222422}","{'display_name': 'Ramping', 'weight': 0.075, 'value': 2.75689079133081}","{'display_name': 'Load factor', 'weight': 0.075, 'value': 1.01851531692931}","{'display_name': 'Daily peak', 'weight': 0.075, 'value': 1.408937758505671}","{'display_name': 'All-time peak', 'weight': 0.075, 'value': 1.1372619332631861}","{'display_name': 'Thermal resilience', 'weight': 0.15, 'value': 0.8174603174603176}","{'display_name': 'Unserved energy', 'weight': 0.15, 'value': 0.773174668373407}","{'display_name': 'Score', 'weight': None, 'value': 1.130422}"
"{'display_name': 'Carbon emissions', 'weight': 0.1, 'value': 1.5765129244781606}","{'display_name': 'Unmet hours', 'weight': 0.3, 'value': 0.8914532443711704}","{'display_name': 'Ramping', 'weight': 0.075, 'value': 2.777246894727577}","{'display_name': 'Load factor', 'weight': 0.075, 'value': 1.013154380847878}","{'display_name': 'Daily peak', 'weight': 0.075, 'value': 1.4834212402453826}","{'display_name': 'All-time peak', 'weight': 0.075, 'value': 1.4127981211289389}","{'display_name': 'Thermal resilience', 'weight': 0.15, 'value': 0.7952380952380952}","{'display_name': 'Unserved energy', 'weight': 0.15, 'value': 0.7357837340101506}","{'display_name': 'Score', 'weight': None, 'value': 1.1562371}"
"{'display_name': 'Carbon emissions', 'weight': 0.1, 'value': 1.5451649550396471}","{'display_name': 'Unmet hours', 'weight': 0.3, 'value': 0.8745844870467051}","{'display_name': 'Ramping', 'weight': 0.075, 'value': 2.746478615679949}","{'display_name': 'Load factor', 'weight': 0.075, 'value': 1.0532193549290856}","{'display_name': 'Daily peak', 'weight': 0.075, 'value': 1.5173667773215467}","{'display_name': 'All-time peak', 'weight': 0.075, 'value': 1.2273453816887534}","{'display_name': 'Thermal resilience', 'weight': 0.15, 'value': 0.8634920634920635}","{'display_name': 'Unserved energy', 'weight': 0.15, 'value': 0.7051705543846154}","{'display_name': 'Score', 'weight': None, 'value': 1.1430221}"
"{'display_name': 'Carbon emissions', 'weight': 0.1, 'value': 1.6002222075860495}","{'display_name': 'Unmet hours', 'weight': 0.3, 'value': 0.8823943926594473}","{'display_name': 'Ramping', 'weight': 0.075, 'value': 2.7324414405598345}","{'display_name': 'Load factor', 'weight': 0.075, 'value': 0.9672670802595836}","{'display_name': 'Daily peak', 'weight': 0.075, 'value': 1.3988714905479633}","{'display_name': 'All-time peak', 'weight': 0.075, 'value': 1.2914518702803675}","{'display_name': 'Thermal resilience', 'weight': 0.15, 'value': 0.8174603174603176}","{'display_name': 'Unserved energy', 'weight': 0.15, 'value': 0.786294487816432}","{'display_name': 'Score', 'weight': None, 'value': 1.144556}"
"{'display_name': 'Carbon emissions', 'weight': 0.1, 'value': 1.5736088595854199}","{'display_name': 'Unmet hours', 'weight': 0.3, 'value': 0.8838785436320893}","{'display_name': 'Ramping', 'weight': 0.075, 'value': 2.937771352329639}","{'display_name': 'Load factor', 'weight': 0.075, 'value': 1.0417631356277806}","{'display_name': 'Daily peak', 'weight': 0.075, 'value': 1.5133672833143228}","{'display_name': 'All-time peak', 'weight': 0.075, 'value': 1.3840310063633723}","{'display_name': 'Thermal resilience', 'weight': 0.15, 'value': 0.7968253968253968}","{'display_name': 'Unserved energy', 'weight': 0.15, 'value': 0.7787673877356962}","{'display_name': 'Score', 'weight': None, 'value': 1.1746333}"
"{'display_name': 'Carbon emissions', 'weight': 0.1, 'value': 1.5569210705944567}","{'display_name': 'Unmet hours', 'weight': 0.3, 'value': 0.8787474841415785}","{'display_name': 'Ramping', 'weight': 0.075, 'value': 2.819918122027012}","{'display_name': 'Load factor', 'weight': 0.075, 'value': 1.0309087581654255}","{'display_name': 'Daily peak', 'weight': 0.075, 'value': 1.4774707387845425}","{'display_name': 'All-time peak', 'weight': 0.075, 'value': 1.1937980038261995}","{'display_name': 'Thermal resilience', 'weight': 0.15, 'value': 0.8412698412698413}","{'display_name': 'Unserved energy', 'weight': 0.15, 'value': 0.7323111194728188}","{'display_name': 'Score', 'weight': None, 'value': 1.1445106}"
"{'display_name': 'Carbon emissions', 'weight': 0.1, 'value': 1.5241310442449063}","{'display_name': 'Unmet hours', 'weight': 0.3, 'value': 0.8468162207990155}","{'display_name': 'Ramping', 'weight': 0.075, 'value': 2.723977972576736}","{'display_name': 'Load factor', 'weight': 0.075, 'value': 1.0142705615858343}","{'display_name': 'Daily peak', 'weight': 0.075, 'value': 1.4082081993298547}","{'display_name': 'All-time peak', 'weight': 0.075, 'value': 1.2644876719677096}","{'display_name': 'Thermal resilience', 'weight': 0.15, 'value': 0.6825396825396824}","{'display_name': 'Unserved energy', 'weight': 0.15, 'value': 0.7248090947880689}","{'display_name': 'Score', 'weight': None, 'value': 1.098381}"
"{'display_name': 'Carbon emissions', 'weight': 0.1, 'value': 1.5736359000697258}","{'display_name': 'Unmet hours', 'weight': 0.3, 'value': 0.8684544820443448}","{'display_name': 'Ramping', 'weight': 0.075, 'value': 2.8344907674839557}","{'display_name': 'Load factor', 'weight': 0.075, 'value': 1.0269398057038632}","{'display_name': 'Daily peak', 'weight': 0.075, 'value': 1.499926392672181}","{'display_name': 'All-time peak', 'weight': 0.075, 'value': 1.2386101436914827}","{'display_name': 'Thermal resilience', 'weight': 0.15, 'value': 0.7523809523809524}","{'display_name': 'Unserved energy', 'weight': 0.15, 'value': 0.7643582310948505}","{'display_name': 'Score', 'weight': None, 'value': 1.1404084}"
"{'display_name': 'Carbon emissions', 'weight': 0.1, 'value': 1.549809279137837}","{'display_name': 'Unmet hours', 'weight': 0.3, 'value': 0.8730372781523675}","{'display_name': 'Ramping', 'weight': 0.075, 'value': 2.8849982337342026}","{'display_name': 'Load factor', 'weight': 0.075, 'value': 1.0554328684148542}","{'display_name': 'Daily peak', 'weight': 0.075, 'value': 1.5122717846235116}","{'display_name': 'All-time peak', 'weight': 0.075, 'value': 1.4224170338252893}","{'display_name': 'Thermal resilience', 'weight': 0.15, 'value': 0.7698412698412698}","{'display_name': 'Unserved energy', 'weight': 0.15, 'value': 0.7403867726887645}","{'display_name': 'Score', 'weight': None, 'value': 1.1590604}"
